frequency_hz,magnitude_db_16,magnitude_db_48,phase_radians_16,phase_radians_48
100.0,-12.473533162316368,-12.475584449397024,0.28392791263632045,0.2835607641595029
127.05882352941177,-10.254791894403796,-10.258931841741404,-1.5535062026640527,-1.5537221477597152
154.11764705882354,-10.077634734820059,-10.08302706817799,2.7765466627055897,2.776523892146137
181.1764705882353,-11.977273353640074,-11.983530970782938,0.9027228736871306,0.9030234634125333
208.23529411764707,-14.73283272648386,-14.736126243968297,-0.6184913620723138,-0.6176751234520419
235.2941176470588,-13.347311596203177,-13.345718263949998,-1.9552192092477456,-1.954753718550057
262.3529411764706,-10.683715848896927,-10.683453199725445,2.5718512283958384,2.572022503764067
289.4117647058823,-9.918748145348557,-9.92022279954925,0.6298588234650851,0.6300450308954709
316.47058823529414,-11.252383697401381,-11.255128025915973,-1.2870691474112377,-1.2866455365994154
343.52941176470586,-14.147799135245114,-14.148378648352928,-2.9375430386609778,-2.9365607300643033
370.5882352941176,-14.165576081975821,-14.158036097460322,2.0485885141046496,2.0492663113950838
397.6470588235294,-11.268378229452704,-11.261690345419444,0.40104102093785154,0.401062017673885
424.70588235294116,-9.920875014960462,-9.916207075426728,-1.5150488477579138,-1.515230956589922
451.7647058823529,-10.671576191117449,-10.668283804596754,2.8257457845225704,2.8254849321419973
478.8235294117647,-13.32565772002835,-13.323570572143149,1.0673679105912253,1.0670679148294309
505.88235294117646,-14.741347867860792,-14.740185450495986,-0.271405458390675,-0.27164953399237973
532.9411764705883,-11.996921074931294,-11.99564516806399,-1.7894019875728011,-1.7896355891300038
560.0,-10.084679853108794,-10.083570241584784,2.621373631556067,2.6210851372510438
587.0588235294117,-10.247527260280078,-10.24697267936752,0.6683100389519403,0.6679450394101638
614.1176470588235,-12.45228169644504,-12.453223425677633,-1.1705366848774181,-1.1709795417965698
641.1764705882352,-14.878762481981976,-14.882294357699223,-2.6160109471590856,-2.6162350008409634
668.2352941176471,-12.837776659697704,-12.839308080093247,2.2748814474813237,2.274952384739042
695.2941176470588,-10.416966999683465,-10.416886508661843,0.4686031399234545,0.46858966205784536
722.3529411764706,-9.992523613890386,-9.99204876558846,-1.4813295442580758,-1.4814842942073294
749.4117647058823,-11.657026282542924,-11.657232821631297,2.907704490896516,2.9073658994744886
776.4705882352941,-14.527178951291281,-14.530835275503195,1.330712228858008,1.330320583184559
803.5294117647059,-13.703703199239563,-13.707948922135023,0.01987315808388143,0.020033056224155965
830.5882352941177,-10.908927219027866,-10.910115920150327,-1.6939971050191984,-1.6937294210210028
857.6470588235294,-9.898829804480169,-9.898129222202531,2.6561840547369178,2.656356924036134
884.7058823529412,-10.988637358874001,-10.986492358300975,0.7266590841015818,0.7266296265614777
911.7647058823529,-13.817491134766053,-13.815621317094376,-0.9723907145096155,-0.9728983533633361
938.8235294117648,-14.447170941880538,-14.452182604319251,-2.277374355740756,-2.2779580816555165
965.8823529411765,-11.55604463755581,-11.562119332840162,2.4109993334338484,2.4110149481212826
992.9411764705882,-9.967755813919021,-9.972392453567041,0.5108010300681708,0.5111050457701443
1020.0,-10.471874660241571,-10.474854065369705,-1.4378965680320357,-1.4373769551162907
1047.0588235294117,-12.955952900648978,-12.95535442501701,3.049583938341352,3.050317399653042
1074.1176470588234,-14.86508807717776,-14.85850477915661,1.6720857478898643,1.6723212454170944
1101.1764705882351,-12.342772815911589,-12.33971859234645,0.21008321430374285,0.20967793336350796
1128.235294117647,-10.203944171521112,-10.204099836003097,-1.637518157724496,-1.6379271288172421
1155.2941176470588,-10.11815594296584,-10.120203887972854,2.692162087032715,2.691831425504562
1182.3529411764705,-12.10139817213398,-12.105415695949215,0.8270745893720725,0.826902262756346
1209.4117647058824,-14.78524631259071,-14.7897126549463,-0.6734303706264416,-0.673098194786713
1236.4705882352941,-13.208308886580994,-13.207930044071034,-2.023530207139833,-2.023090970343379
1263.5294117647059,-10.606439206738184,-10.604643857660259,2.4890955834843886,2.4892866801018316
1290.5882352941176,-9.934359941850296,-9.93230124026051,0.544579043158688,0.5446185225760222
1317.6470588235295,-11.358905619041051,-11.356612504639422,-1.366647889345522,-1.3667560374750098
1344.7058823529412,-14.261074631718207,-14.259462069982067,-2.997533900086457,-2.997899016985952
1371.764705882353,-14.043443577208928,-14.044914350600362,1.9875861704417441,1.9872350786335389
1398.8235294117646,-11.162432430438136,-11.164087807041598,0.3209443103481035,0.3207841798502562
1425.8823529411764,-9.906380851053537,-9.907523205261601,-1.600401454733597,-1.6005160637414435
1452.9411764705883,-10.749415609901046,-10.750128845929739,2.743289456287736,2.7431484851272416
1480.0,-13.459495504580625,-13.460162266140902,0.9999356596125638,0.9996843983530911
1507.0588235294117,-14.67479744658326,-14.677128176960927,-0.3271957213401832,-0.32751333713598096
1534.1176470588234,-11.872944863315439,-11.875882762548208,-1.8660284866944254,-1.8662267193803541
1561.1764705882354,-10.04653800519427,-10.049508248735568,2.5365631134474134,2.536384363584204
1588.235294117647,-10.301412597909742,-10.304962936497578,0.5842386797746663,0.5840244757217985
1615.2941176470588,-12.584942474866672,-12.590480582609565,-1.2437802589640874,-1.2440006563847112
1642.3529411764705,-14.889463984921186,-14.897425611606245,-2.6696918569250165,-2.669451726719733
1669.4117647058824,-12.698656286380654,-12.70267089871041,2.203378654190867,2.203959106918409
1696.4705882352941,-10.350327381054234,-10.35213178658347,0.3849798081474474,0.3854531569307256
1723.5294117647059,-10.017037123922838,-10.01801525175708,-1.5664785426946684,-1.566103796810906
1750.5882352941176,-11.768794245279896,-11.769318409196712,2.8294976955926683,2.8297823052369333
1777.6470588235295,-14.608602940236954,-14.609455354145473,1.2726702820061317,1.2728280791518092
1804.7058823529412,-13.574575293842972,-13.576691735095396,-0.04609814182472974,-0.04587872419624567
1831.764705882353,-10.82319492355973,-10.825149303913502,-1.7759481574499918,-1.7756026991282414
1858.8235294117646,-9.903023850220716,-9.904433536299088,2.5706207001032935,2.571070335542654
1885.8823529411764,-11.08313904874868,-11.083321427279502,0.6453277665940031,0.6459165787037435
1912.9411764705883,-13.945249616709475,-13.941639487518414,-1.0364088703070735,-1.0357694122702343
1940.0,-14.353181404528893,-14.347558917195638,-2.336399038850479,-2.336453693633057
1967.0588235294117,-11.448697010456275,-11.44716455098285,2.3323230197822986,2.332036214639085
1994.1176470588234,-9.947211895899656,-9.94792312358539,0.42584736984231886,0.4256443316638628
2021.1764705882354,-10.541158413769873,-10.543320328311863,-1.5209201504527694,-1.520984637403737
2048.235294117647,-13.090708351817169,-13.093720779388446,2.97949156906967,2.979722677268006
2075.2941176470586,-14.8309484050225,-14.830262997765109,1.6171798203847896,1.6177238169174506
2102.3529411764703,-12.217191558679307,-12.214173996738953,0.13505898313589207,0.1352187010458234
2129.4117647058824,-10.160415094008489,-10.158327713796835,-1.7219863193313725,-1.722055128249468
2156.470588235294,-10.166201745957693,-10.165421968592835,2.60767205517262,2.6074942224997173
2183.529411764706,-12.232794738319,-12.234081561333658,0.751887537791594,0.7516878783174707
2210.5882352941176,-14.83291995945031,-14.8361553378804,-0.7277682657916097,-0.7275978807791087
2237.6470588235293,-13.072152180311873,-13.071478819512654,-2.0923643552478186,-2.0919689960697645
2264.705882352941,-10.533653208507479,-10.531014921537007,2.4064035749302812,2.406563483246831
2291.7647058823527,-9.953028521787147,-9.949944541947467,0.4595898507905546,0.45949382569510216
2318.823529411765,-11.466365389964473,-11.464018251818967,-1.4456567507162057,-1.4461054276066836
2345.8823529411766,-14.363890597464316,-14.367159112421465,-3.056925901519916,-3.0577259962287453
2372.9411764705883,-13.917793490498589,-13.926213819721774,1.9247726543697488,1.9248541464993885
2400.0,-11.063894365763288,-11.068142950908035,0.23992083407700862,0.24049363037220012
2427.0588235294117,-9.899865534766585,-9.900950609331542,-1.686162478120907,-1.685524442680272
2454.1176470588234,-10.835886578340897,-10.83417231664181,2.660779565716277,2.6614019446928103
2481.176470588235,-13.59913369528231,-13.59360375020815,0.9331983994702017,0.9335755109480015
2508.235294117647,-14.606112870882136,-14.601715817610309,-0.3834223676064296,-0.383807879597269
2535.294117647059,-11.755985062347714,-11.756233714873531,-1.9428934154161568,-1.943236047535059
2562.3529411764707,-10.014692041870529,-10.016053697905374,2.451899071003857,2.45173409169451
2589.4117647058824,-10.36068196286535,-10.362478317382163,0.5004825324906792,0.5004103189093843
2616.470588235294,-12.720321059953466,-12.722974049276512,-1.31637003530581,-1.3163432873544558
2643.529411764706,-14.892773075555159,-14.895481913747092,-2.723826776294424,-2.7234653859102673
2670.5882352941176,-12.569638980630053,-12.569240963068314,2.130894527038403,2.1313525655141023
2697.6470588235293,-10.296847746444783,-10.294781266658944,0.3012926896911281,0.30164845436356613
2724.705882352941,-10.055660939699006,-10.052212105339017,-1.6511629560513457,-1.6509153924588358
2751.7647058823527,-11.895794058194129,-11.890576169843218,2.7526637409597394,2.7526800037842567
2778.823529411765,-14.690517621259895,-14.686038211245187,1.2172545222912772,1.21665654369336
2805.8823529411766,-13.441221240901633,-13.443042301193422,-0.11136540297830957,-0.11190704968792017
2832.9411764705883,-10.738044379598119,-10.74018844703829,-1.8571798726717974,-1.8573468037084693
2860.0,-9.908985171362787,-9.90992781403158,2.485986916192612,2.4859308402491544
2887.0588235294117,-11.179170667484177,-11.178889039131786,0.565454510737869,0.5653221000475231
2914.1176470588234,-14.062330199844347,-14.062683303061005,-1.098111555514557,-1.0985773663447307
2941.176470588235,-14.240164472456504,-14.245744135006632,-2.3959855070740423,-2.396309465551873
2968.235294117647,-11.33798247270919,-11.343052012003591,2.252945057682005,2.2531114801976555
2995.294117647059,-9.927688372645342,-9.93076577762965,0.3406407126847216,0.34099974877090516
3022.3529411764707,-10.614204937298501,-10.61499950477531,-1.603686511990188,-1.6032525767146653
3049.4117647058824,-13.22693844095371,-13.224435392079636,2.9108243496130024,2.911115853478489
3076.470588235294,-14.779761991277233,-14.777934323542826,1.5628611468235274,1.56250123494552
3103.529411764706,-12.08419528607406,-12.087065747259317,0.0595719994657082,0.05931733651623843
3130.5882352941176,-10.112487457211143,-10.116014435622665,-1.8068367579036517,-1.8068098332118687
3157.6470588235293,-10.21187733816479,-10.214745051666583,2.5228136261939182,2.523028945792099
3184.705882352941,-12.363884053143629,-12.365024104605615,0.676631000004935,0.6769513368403263
3211.7647058823527,-14.872767726349355,-14.87184172843673,-0.7821362954524136,-0.7820700369202849
3238.823529411765,-12.936423528439017,-12.938413042507491,-2.1618376163343074,-2.1619615247427584
3265.8823529411766,-10.46086253127906,-10.46441898983203,2.3235862073544347,2.323655633082249
3292.9411764705883,-9.969869648589826,-9.973702585652584,0.37442854237730716,0.3747111418640521
3320.0,-11.57181673858294,-11.574981680642253,-1.5250412747873323,-1.5244942957491818
3347.0588235294117,-14.463905654202652,-14.463292382779855,-3.1170502241090254,-3.1162845529202468
3374.1176470588234,-13.803445953792357,-13.800243169364707,1.8607946862827949,1.8610560510276442
3401.176470588235,-10.977560599874659,-10.976643370387457,0.1593598995144818,0.1594501027235239
3428.235294117647,-9.900167572049877,-9.900349451709753,-1.7708573729381178,-1.7706874952942955
3455.294117647059,-10.92396084852619,-10.924039333062582,2.57976477987105,2.580073448911153
3482.3529411764707,-13.726950592311267,-13.724949468640954,0.8683194349917702,0.8687157216677786
3509.4117647058824,-14.518691916233838,-14.515361579493769,-0.4410000302695843,-0.4410148316889928
3536.470588235294,-11.64132178512842,-11.640985039386607,-2.020962740723699,-2.021086188202906
3563.529411764706,-9.988515783082324,-9.98961465481702,2.366872294901665,2.3668883190182233
3590.5882352941176,-10.426392273556608,-10.427915570548695,0.41696597228878857,0.4171671264866878
3617.6470588235293,-12.859458052913272,-12.8599907280828,-1.387719648975529,-1.3872684695284372
3644.705882352941,-14.881649725843616,-14.878241219232812,-2.777244901492535,-2.7768455224717745
3671.7647058823527,-12.436189440786885,-12.433487845359991,2.057974259535199,2.0579877923928858
3698.823529411765,-10.240960289465093,-10.239893229676468,0.21752947275675316,0.21753951801096758
3725.8823529411766,-10.090946886390109,-10.090402246163874,-1.7357663040194264,-1.735650797548051
3752.9411764705883,-12.0165079218399,-12.015190205785109,2.676078324096893,2.6763365686437064
3780.0,-14.754743992017199,-14.75040245831013,1.161236668747966,1.16140341006949
3807.0588235294117,-13.308855910095591,-13.30579500402796,-0.17887178447850619,-0.17915116701192033
3834.1176470588234,-10.660326662015102,-10.659756786590918,-1.9394109393280279,-1.939675382252295
3861.176470588235,-9.92152511977822,-9.922082016030558,2.400861404271474,2.400705857582738
3888.235294117647,-11.281250295705139,-11.282322421006068,0.485395894344974,0.485376076935858
3915.294117647059,-14.180311939954006,-14.18075507645013,-1.159631547915845,-1.1594721702514181
3942.3529411764707,-14.13134675263483,-14.130081099913935,-2.456687748649373,-2.456606250995579
3969.4117647058824,-11.237136426018026,-11.236491787006527,2.1734420871802556,2.173423808266281
3996.470588235294,-9.91519736474633,-9.91518710073029,0.25573795793782217,0.2557526229381847
4023.529411764706,-10.691886872922524,-10.692097623232078,-1.6859921591767721,-1.6858791561053208
4050.5882352941176,-13.362959448539765,-13.362226451976229,2.842759353812396,2.8430386834723946
4077.6470588235293,-14.726750260649348,-14.723026597249202,1.5073773141296993,1.5075371668961968
4104.7058823529405,-11.965802180371657,-11.96272431627666,-0.01621022891596467,-0.016334841235591046
4131.764705882353,-10.077673618062446,-10.07550465297265,-1.8908839986038293,-1.8910641016128793
4158.823529411765,-10.267307910609587,-10.265380487392598,2.439479428536362,2.4392641640298214
4185.882352941177,-12.496321907712357,-12.494452607423232,0.6038607478548852,0.6035197661839452
4212.941176470588,-14.888052339405512,-14.88864048944958,-0.8353288122448134,-0.8358814927663453
4240.0,-12.796745231848012,-12.799974596647576,-2.232708501574476,-2.232974561444293
4267.058823529412,-10.395165631724751,-10.398170401792903,2.240326848352337,2.240293261951268
4294.117647058823,-9.99679170313147,-9.99934050360909,0.28971816097602265,0.2898399081678129
4321.176470588235,-11.686717283559982,-11.688309244326751,-1.6026903557278984,-1.6023782740532218
4348.235294117647,-14.551625816436221,-14.54961881596969,3.109063520206006,3.109486076161793
4375.294117647059,-13.66933279836177,-13.665697734819474,1.7964167871959231,1.7963239726863056
4402.35294117647,-10.885241202305835,-10.883938587777957,0.0780607139599639,0.07779878201180915
4429.411764705882,-9.900056918493927,-9.900142816138876,-1.8559998220166007,-1.8562404819540301
4456.470588235294,-11.01521856052768,-11.016203120756243,2.4988207076770945,2.4986462264554774
4483.529411764705,-13.853966836312333,-13.85528061740765,0.8046281339758803,0.8046013363034171
4510.588235294118,-14.420733981499405,-14.420361323813044,-0.49875685780501067,-0.498734399254625
4537.64705882353,-11.524624074990818,-11.524060808807729,-2.099196534464431,-2.0993384291911656
4564.705882352941,-9.960734049136544,-9.960868515667741,2.2819815667153693,2.281746817101042
4591.764705882353,-10.4897905643207,-10.491032636220767,0.3338392391731012,0.33353065515821073
4618.823529411765,-12.991095682861328,-12.994779343962708,-1.4582480466830006,-1.4585696878199235
4645.882352941177,-14.851624131760344,-14.857532358029445,-2.831691811467576,-2.831532114501889
4672.941176470588,-12.30483127540577,-12.30726393607187,1.983558662971062,1.9839823879870737
4700.0,-10.190886498221133,-10.191663019448033,0.13324051291427128,0.13358912512754845
4727.058823529412,-10.132303675822133,-10.132547387536086,-1.820301444478834,-1.820000513185854
4754.117647058823,-12.141398059324793,-12.141327012590432,2.600376255976585,2.6006909146744293
4781.176470588235,-14.806168513813248,-14.80493240781244,1.1061740470309753,1.1065462511277109
4808.235294117647,-13.172904635879192,-13.170338479936651,-0.24740346392144405,-0.2471568891926366
4835.294117647059,-10.586061139828027,-10.583210649630741,-2.0220112347200527,-2.021857778678009
4862.35294117647,-9.93890323403947,-9.935438614319114,2.3159081899048592,2.3160018075074396
4889.411764705882,-11.387810616928123,-11.38306399840571,0.40628828891657565,0.40625529163800334
4916.470588235294,-14.288762672673974,-14.283173818899748,-1.219228107301784,-1.2196979772999783
4943.529411764705,-14.007775018173685,-14.007134748057158,-2.5182164072266358,-2.51895521918037
4970.588235294118,-11.134776824124677,-11.135811267592711,2.093264440659762,2.0927885665257255
4997.64705882353,-9.904644567278211,-9.905318785850328,0.17073840830921255,0.17032143610777947
5024.705882352941,-10.7726932238731,-10.77321669363172,-1.767591801172603,-1.768155213773406
5051.764705882353,-13.49286290104561,-13.496152305880011,2.776919048415356,2.7759826225060804
5078.823529411765,-14.64274421777918,-14.654277625679873,1.4519526105805334,1.4514446834686578
5105.882352941177,-11.83210759675151,-11.841624593233398,-0.09349044619824963,-0.09314189545390467
5132.941176470588,-10.03391799987953,-10.040213992414733,-1.9763410595066382,-1.9757506246802243
5160.0,-10.316948352225118,-10.320836699651384,2.3548141756827476,2.355533893428649
5187.058823529412,-12.62443312956341,-12.624983893041348,0.5299994871336373,0.5308051645402295
5214.117647058823,-14.89398848851087,-14.890536303869064,-0.8902744024204486,-0.8899193062979205
5241.176470588235,-12.662356670149356,-12.662613007624548,-2.3054305237468444,-2.3054644825860167
5268.235294117647,-10.33506602687874,-10.33763609450839,2.155997484470588,2.1561463791727724
5295.294117647059,-10.028810861426185,-10.031958003616097,0.2041268298237786,0.20453714070551526
5322.35294117647,-11.807886406231017,-11.810079109990248,-1.6809613890763682,-1.6801714576700795
5349.411764705882,-14.639918098709115,-14.63577649605067,3.051788411998002,3.0528759309279354
5376.470588235294,-13.540947857573205,-13.532950320144671,1.7309734199288103,1.7312062315716057
5403.529411764705,-10.79988019880815,-10.795000049761313,-0.0035771797810781377,-0.003675138456528283
5430.588235294118,-9.905065032182147,-9.901621493958224,-1.9412981274630932,-1.9414065703529244
5457.64705882353,-11.110920391526074,-11.107423850707567,2.4178954812107585,2.4177804857441716
5484.705882352941,-13.979449789265587,-13.975183816764147,0.7413734264630657,0.7410332865234773
5511.764705882353,-14.319944695575213,-14.319331108195321,-0.5578836795562956,-0.5585310938549555
5538.823529411765,-11.41545068477255,-11.417468008404947,-2.178237407327192,-2.1786285073719696
5565.882352941177,-9.940973524912962,-9.943329815736126,2.1967134536800796,2.1965182921029713
5592.941176470588,-10.562570126355503,-10.56479804118229,0.2506529678045214,0.25058940838158833
5620.0,-13.131686675194276,-13.133284249933455,-1.5278988451128404,-1.5278589092698172
5647.058823529412,-14.815498005357163,-14.816122565770621,-2.8855718290367607,-2.8855878051923898
5674.117647058823,-12.173392019688311,-12.174872642579178,1.9090380952876762,1.9089720546979598
5701.176470588235,-10.14109403641391,-10.143194015237007,0.04893767192665521,0.04894951717710508
5728.235294117647,-10.174350749698593,-10.17663470186736,-1.9048488379055115,-1.904714309554248
5755.294117647059,-12.267104826932462,-12.268702397915801,2.524974944214764,2.5253010398667075
5782.35294117647,-14.847546653657108,-14.845608662783311,1.0512944251030552,1.0516590545239413
5809.411764705882,-13.035724297277104,-13.033503787340226,-0.31691577026827816,-0.3170078996449684
5836.470588235294,-10.512497457953048,-10.512347290094905,-2.105138497424717,-2.105329889138655
5863.529411764705,-9.956393133321535,-9.957609614976926,2.230436799638999,2.230273038927869
5890.588235294118,-11.494984557210335,-11.49743136845763,0.3266325000678025,0.32655082424570725
5917.64705882353,-14.39424489676969,-14.397436263411853,-1.2793322215287979,-1.2791645776930929
5944.705882352941,-13.88846682739359,-13.88923521409679,-2.5813476738582497,-2.581037293350016
5971.764705882353,-11.039770285750217,-11.039785185705728,2.0123719327809204,2.01254699594264
5998.823529411765,-9.898948904861605,-9.899229121442794,0.08506359342109492,0.0851820251626892
6025.882352941177,-10.858751990055946,-10.859468175995307,-1.8502204976142236,-1.8501004635778586
6052.941176470588,-13.632568300518093,-13.633697815163082,2.709732894035006,2.709937003072047
6080.0,-14.580441206639854,-14.580459106677493,1.3950432648640092,1.3953713303805277
6107.058823529412,-11.723572545194381,-11.722576980771377,-0.1702042793464606,-0.1699430999087085
6134.117647058823,-10.008024627117146,-10.006617730088683,-2.0605352352705615,-2.0603176279520583
6161.176470588235,-10.380888712775294,-10.378759529751377,2.2716903626717544,2.2718673338776174
6188.235294117647,-12.763072562707155,-12.759710169429653,0.45839979310478,0.45840922166586523
6215.294117647059,-14.892903429926037,-14.891388383191067,-0.9433624407740849,-0.9437933517267648
6242.35294117647,-12.529014100185396,-12.531664480789305,-2.3773948656266564,-2.3776121799983616
6269.411764705882,-10.276988548316314,-10.279984183252747,2.0727990664498956,2.0728930396510252
6296.470588235294,-10.061361044415735,-10.063722713334968,0.11990528832863523,0.12024086041207104
6323.529411764705,-11.925660149804983,-11.92603516591843,-1.757427112702429,-1.7568219572983341
6350.588235294118,-14.707375366483165,-14.701870073269008,2.9959033403000213,2.996467203981418
6377.64705882353,-13.404059843625644,-13.398718348259944,1.6643590756281452,1.6641225293519846
6404.705882352941,-10.71532925739341,-10.713624944427329,-0.08555726683981603,-0.08588305187121345
6431.764705882353,-9.91121742592312,-9.910987305316503,-2.0264461404296767,-2.026667919083097
6458.823529411765,-11.206674793563067,-11.206687364067117,2.3374994404724005,2.3373878265194947
6485.882352941177,-14.096844683066486,-14.095804033872124,0.6789889542858717,0.6788860993555793
6512.941176470588,-14.212577721310321,-14.212266692494406,-0.6181462062661816,-0.6185156195216299
6540.0,-11.309791670732388,-11.31191282788146,-2.257583530656688,-2.2579210342477762
6567.058823529412,-9.922905476546477,-9.92648401253233,2.1117028371735342,2.1114974790170127
6594.117647058823,-10.633722283458788,-10.638646845364367,0.16796572986101382,0.16795461885806365
6621.176470588235,-13.262940083617487,-13.268541017177956,-1.597034065488223,-1.596611405954911
6648.235294117647,-14.767352685796393,-14.767358009543006,-2.94148566771017,-2.9406817269978993
6675.294117647059,-12.053345447814817,-12.050739739064358,1.833093995766436,1.8334024405894624
6702.35294117647,-10.103818893709303,-10.102461778999354,-0.03550936631318707,-0.03541265288776184
6729.411764705882,-10.22713136085095,-10.227047120114579,-1.9888009982957031,-1.9887145501183885
6756.470588235294,-12.398767627547851,-12.399442987551804,2.4510815981674714,2.4513207067287204
6783.529411764705,-14.874682987205087,-14.872860032022885,0.9974207727999531,0.9978844652896901
6810.588235294118,-12.897792194286154,-12.893803674671982,-0.38732230468176104,-0.38723606147208556
6837.64705882353,-10.444532857031572,-10.441856839212697,-2.1884138784589102,-2.1885712364108696
6864.705882352941,-9.980113798470773,-9.978995361680594,2.1453655250238453,2.1450888115975904
6891.764705882353,-11.606884649704504,-11.608182000351231,0.2480780582222455,0.24772204451995367
6918.823529411765,-14.489730780628264,-14.495483676690137,-1.3378426767516798,-1.3379160951050584
6945.882352941177,-13.762117275054727,-13.765350055503562,-2.6454195965263025,-2.6447368477728475
6972.941176470588,-10.948619139868756,-10.94756550088238,1.931170878170599,1.9318345975548759
7000.0,-9.898540894945974,-9.895316441838775,-0.0002673635665792482,0.00028943820856549895
