condition,seed,passed_16,passed_48,status_16,status_48,validation_db_16,validation_db_48,validation_delta_db,delay_ms_16,delay_ms_48,magnitude_rms_difference_db,truth_error_16,truth_error_48
simple,1729,True,True,accepted,accepted,79.6485366821289,79.65351104736328,0.004974365234375,4.0,4.0,5.177732677677516e-07,0.00010412931442260742,0.00010406970977783203
simple,2718,True,True,accepted,accepted,79.62867736816406,79.65351104736328,0.02483367919921875,4.0,4.0,2.5888666406598264e-06,0.00010436773300170898,0.00010406970977783203
simple,3141,True,True,accepted,accepted,79.6039047241211,79.61875915527344,0.01485443115234375,4.0,4.0,1.5533205396725536e-06,0.00010466575622558594,0.00010448694229125977
simple,5772,True,True,accepted,accepted,79.58908081054688,79.61875915527344,0.0296783447265625,4.0,4.0,3.1066413579486363e-06,0.00010484457015991211,0.00010448694229125977
simple,8119,True,True,accepted,accepted,79.6485366821289,79.61380767822266,-0.03472900390625,4.0,4.0,3.6244137287880233e-06,0.00010412931442260742,0.00010454654693603516
reflections,1729,True,True,accepted,accepted,79.49555206298828,79.5718994140625,0.07634735107421875,4.0,4.0,0.0001365156723400481,0.0001056371886241802,0.00010518924833494999
reflections,2718,True,True,accepted,accepted,79.59281158447266,79.58824920654297,-0.0045623779296875,4.0,4.0,0.00013696968681505638,0.00010501597034788406,0.0001047745964264879
reflections,3141,True,True,accepted,accepted,79.55438995361328,79.51220703125,-0.04218292236328125,4.0,4.0,0.00014879186274892913,0.00010536440532400167,0.00010568578662813504
reflections,5772,True,True,accepted,accepted,79.59844970703125,79.61125183105469,0.0128021240234375,4.0,4.0,0.00012692905923461484,0.00010463580728431565,0.00010463539370741827
reflections,8119,True,True,accepted,accepted,79.55462646484375,79.54852294921875,-0.006103515625,4.0,4.0,0.00014296322791477643,0.00010528156309707766,0.00010537716854805902
reverberant,1729,True,True,accepted,accepted,33.371971130371094,33.55965042114258,0.18767929077148438,4.0,4.0,0.29510292892820195,0.022006870360686433,0.022249106454048723
reverberant,2718,True,True,accepted,accepted,33.16470718383789,33.0635986328125,-0.10110855102539062,4.0,4.0,0.2951190904686938,0.022006860890430538,0.022249099426152063
reverberant,3141,True,True,accepted,accepted,33.107078552246094,33.169097900390625,0.06201934814453125,4.0,4.0,0.29513995547631217,0.02200689119166548,0.022249106015762563
reverberant,5772,True,True,accepted,accepted,32.94268798828125,32.8355827331543,-0.10710525512695312,4.0,4.0,0.29512828425474064,0.022006867954019137,0.022249101167288513
reverberant,8119,True,True,accepted,accepted,33.2781982421875,33.305912017822266,0.027713775634765625,4.0,4.0,0.2951231090993279,0.022006853262722725,0.022249098825827658
weak_onset,1729,True,True,accepted,accepted,48.23117446899414,48.293365478515625,0.062191009521484375,10.0,10.0,0.0031159034276195966,0.003866187324876904,0.0038636813701709294
weak_onset,2718,True,True,accepted,accepted,48.26480484008789,48.21516036987305,-0.04964447021484375,10.0,10.0,0.003252820907849091,0.003870323466919356,0.003866110863705017
weak_onset,3141,True,True,accepted,accepted,48.271060943603516,48.247318267822266,-0.02374267578125,10.0,10.0,0.0029999246710949554,0.0038692844432191794,0.0038674980228951966
weak_onset,5772,True,True,accepted,accepted,48.200538635253906,48.25865173339844,0.05811309814453125,10.0,10.0,0.002893733627517258,0.0038717114635360636,0.00386798996849649
weak_onset,8119,True,True,accepted,accepted,48.2522087097168,48.23760223388672,-0.014606475830078125,10.0,10.0,0.0033399945125186133,0.003866770291877663,0.0038691287716368806
noise40,1729,True,True,accepted,accepted,39.94659423828125,39.947547912597656,0.00095367431640625,4.0,4.0,0.013630594872350122,0.001174729832471887,0.0011006399174009944
noise40,2718,True,True,accepted,accepted,39.93422317504883,39.95233917236328,0.018115997314453125,4.0,4.0,0.014235800912873598,0.0011693438947419808,0.0011067946010867163
noise40,3141,True,True,accepted,accepted,39.93910217285156,39.948368072509766,0.009265899658203125,4.0,4.0,0.012272559689966937,0.0011382285134555895,0.001103478362629857
noise40,5772,True,True,accepted,accepted,39.951866149902344,39.951255798339844,-0.0006103515625,4.0,4.0,0.014733469796556754,0.0011002778341533393,0.001105693395858632
noise40,8119,True,True,accepted,accepted,39.93882369995117,39.94612503051758,0.00730133056640625,4.0,4.0,0.013512995111876263,0.001140090629724349,0.0010548464839453301
noise20,1729,True,True,accepted,accepted,20.00161361694336,19.986759185791016,-0.01485443115234375,4.0,4.0,0.13610395243705006,0.011773379664066462,0.010965768405650857
noise20,2718,True,True,accepted,accepted,19.983596801757812,19.993087768554688,0.009490966796875,4.0,4.0,0.14225663401083039,0.011700848207931587,0.011011653252643912
noise20,3141,True,True,accepted,accepted,19.963916778564453,19.996654510498047,0.03273773193359375,4.0,4.0,0.12273994653003856,0.011295431983323301,0.011070126565468874
noise20,5772,True,True,accepted,accepted,20.009323120117188,19.995454788208008,-0.013868331909179688,4.0,4.0,0.14825187424974154,0.010951759641115881,0.010999485525364389
noise20,8119,True,True,accepted,accepted,19.990882873535156,19.99167251586914,0.000789642333984375,4.0,4.0,0.13573066321167576,0.011278317892930882,0.010576660316728813
no_return,1729,True,True,noReturn,noReturn,,,,,,,,
no_return,2718,True,True,noReturn,noReturn,,,,,,,,
no_return,3141,True,True,noReturn,noReturn,,,,,,,,
no_return,5772,True,True,noReturn,noReturn,,,,,,,,
no_return,8119,True,True,noReturn,noReturn,,,,,,,,
clipped,1729,True,True,clipped,clipped,,,,,,,,
clipped,2718,True,True,clipped,clipped,,,,,,,,
clipped,3141,True,True,clipped,clipped,,,,,,,,
clipped,5772,True,True,clipped,clipped,,,,,,,,
clipped,8119,True,True,clipped,clipped,,,,,,,,
nonfinite,1729,True,True,invalid,invalid,,,,,,,,
nonfinite,2718,True,True,invalid,invalid,,,,,,,,
nonfinite,3141,True,True,invalid,invalid,,,,,,,,
nonfinite,5772,True,True,invalid,invalid,,,,,,,,
nonfinite,8119,True,True,invalid,invalid,,,,,,,,
short160,1729,True,True,accepted,accepted,79.50553894042969,79.48111724853516,-0.02442169189453125,4.0,4.0,2.588871270588211e-06,0.00010585784912109375,0.0001061558723449707
short160,2718,True,True,accepted,accepted,79.47624206542969,79.43733978271484,-0.03890228271484375,4.0,4.0,4.142195884043742e-06,0.0001062154769897461,0.00010669231414794922
short160,3141,True,True,accepted,accepted,79.38894653320312,79.34562683105469,-0.0433197021484375,4.0,4.0,4.6599755086570985e-06,0.00010728836059570312,0.00010782480239868164
short160,5772,True,True,accepted,accepted,79.36485290527344,79.4276351928711,0.06278228759765625,4.0,4.0,6.73107332753442e-06,0.00010758638381958008,0.0001068115234375
short160,8119,True,True,accepted,accepted,79.48600006103516,79.46163177490234,-0.0243682861328125,4.0,4.0,2.5888718883995687e-06,0.00010609626770019531,0.00010639429092407227
